{
  "success": true,
  "message": "`ftol` termination condition is satisfied.",
  "num_correspondences": 5,
  "scene_ids": [
    "8",
    "16",
    "24",
    "31",
    "64"
  ],
  "initial_theta_deg": 50.0,
  "initial_theta_rad": 0.8726646259971648,
  "initial_tx_m": 2.856,
  "initial_ty_m": 0.635,
  "initial_tz_m": -1.524,
  "residual_theta_deg": -5.3815932347182125,
  "residual_theta_rad": -0.09392652094888482,
  "residual_tx_m": -0.24693566139161735,
  "residual_ty_m": 0.0857668541285804,
  "final_theta_deg": 44.61840676528178,
  "final_theta_rad": 0.7787381050482799,
  "final_tx_m": 2.6560311905357654,
  "final_ty_m": 0.4501079808365347,
  "final_tz_m": -1.524,
  "rmse_xy_m": 0.10472353366178466,
  "mean_abs_error_x_m": 0.03761927593399328,
  "mean_abs_error_y_m": 0.07782073618632757,
  "max_point_error_xy_m": 0.14777814749385787,
  "robust_loss": "soft_l1",
  "robust_f_scale_m": 0.1,
  "key_results": {
    "final_theta_deg": 44.61840676528178,
    "final_translation_xyz_m": [
      2.6560311905357654,
      0.4501079808365347,
      -1.524
    ]
  },
  "final_rotation_matrix_radar_to_lidar": [
    [
      0.7118004365037123,
      -0.7023817612902009,
      0.0
    ],
    [
      0.7023817612902009,
      0.7118004365037123,
      0.0
    ],
    [
      0.0,
      0.0,
      1.0
    ]
  ],
  "final_translation_vector_radar_to_lidar_m": [
    2.6560311905357654,
    0.4501079808365347,
    -1.524
  ]
}