scene_id,radar_x,radar_y,radar_z,lidar_x,lidar_y,lidar_z
8,7.644467674897135,1.519835697824301,-1.5239999999999998,7.431645685655,1.0088332050497664,-0.8450977677756665
16,7.291493565752572,2.773343640716761,-1.5239999999999998,7.2810976429075,2.1756859162837503,-0.8460289789885
24,6.769685200789962,3.8407019793396353,-1.5239999999999998,6.83335831355,3.217584221341923,-0.8500384458385384
31,5.860116866313042,4.9388237273415765,-1.5239999999999998,6.062166813499599,4.3058882726188,-0.8414504197411203
64,5.247600607756488,2.1113000423197184,-1.5239999999999998,5.248964248228462,1.7407908238288465,-0.7968358503988077
