scene_id,radar_x,radar_y,radar_z,lidar_x,lidar_y,lidar_z,refined_radar_x,refined_radar_y,residual_x_m,residual_y_m,residual_norm_xy_m
8,7.644467674897135,1.519835697824301,-1.5239999999999998,7.43104907888174,1.0107212661738694,-0.8251806314912606,7.506057234888682,0.8852728657135902,0.075008156006942,-0.12544840046027916,0.14616266501950598
16,7.291493565752572,2.773343640716761,-1.5239999999999998,7.286146763180556,2.179000902098889,-0.8270838851863332,7.27294690131957,2.166495897431403,-0.013199861860985429,-0.012505004667486386,0.01818272517756769
24,6.769685200789962,3.8407019793396353,-1.5239999999999998,6.840905448567,3.224844467425,-0.82941026462545,6.854189512675917,3.2783322353108058,0.013284064108916915,0.05348776788580567,0.055112681595578694
31,5.860116866313042,4.9388237273415765,-1.5239999999999998,6.060319231333157,4.308084402166842,-0.8183075842631055,6.05230553168659,4.457386097333515,-0.008013699646566508,0.14930169516667302,0.14951660630735147
64,5.247600607756488,2.1113000423197184,-1.5239999999999998,5.2367359044995005,1.7434655865864996,-0.7826214317477498,5.175700216495161,1.700280825905919,-0.06103568800433923,-0.043184760680580636,0.07476816679043337
